"source","symbol","issuer","filing_date","doc_type","industry","category","synopsis","article_url","article_id","pdf_url","pdf_path","page_count","pdf_size_kb","downloaded","r2_url","news_text","news_html_path","news_html_r2_url","mat_summary","llm_flag","llm_summary","llm_project","llm_error","as_at_date","aif_filed"
"stockwatch","TECK","Teck Resources Limited","2026-02-19","ANNUAL_INFORMATION_FORM_EN","metals and minerals - mining","AIF","","","","https://www.stockwatch.com/News/Sedardoc/6127824.pdf","C:\Users\Admin\Mineral Media\Mineral Media Shared Library - Documents\13 - DS AI\2. SEDAR+\3. Company Onboarding\Results\TECK.B\pdfs\AIF\2026-02-19_TECK.B_AIF.pdf","119","44759","yes","https://pub-e6549556cd074443b759440dcb9b174f.r2.dev/onboarding/TECK.B/2026-02-19_TECK.B_AIF.pdf","","","","","","","","","2025-11-30","2026-02-19"
"stockwatch","TECK.B","Teck Resources Limited","2026-03-12","NEWS_RELEASE_EN","metals and minerals - mining","NewsRelease","Teck Reports 2025 Sustainability Performance","https://www.stockwatch.com/News/Item/Z-C!TECK-3795441/C/TECK","3795441","https://www.stockwatch.com/News/Sedardoc/6146767.pdf","","0","0","no","","2026-03-12 18:37 ET - News Release
VANCOUVER, British Columbia, March  12, 2026  (GLOBE NEWSWIRE) -- Teck Resources Limited (TSX: TECK.A and TECK.B, NYSE: TECK) (“Teck”) has released its 25
th
annual Sustainability Report, highlighting the company’s 2025 performance in key areas, including support for communities, Indigenous Peoples, health and safety, diversity and climate.
“This report highlights our continued focus on responsibly providing the critical minerals needed for global development and the energy transition,” said Jonathan Price, President and CEO. “As we advance our proposed merger with Anglo American plc and strengthen our sustainability performance, we remain committed to operating safely, supporting local communities and creating long-term value.”
Teck’s 2025 Sustainability Report is prepared in accordance with the Global Reporting Initiative (GRI) Standards for the period January 1–December 31, 2025. The report has also been prepared in accordance with the Sector Standard GRI 14: Mining and Metals Sector 2023 and is aligned with the Sustainability Accounting Standards Board (SASB) Standards.
Our report is in conformance with the member requirements of the International Council on Mining and Metals (ICMM), including the implementation of the ICMM Mining Principles, and any mandatory requirements and corporate-level aspects set out in the Position Statements and the Performance Expectations (PE). Disclosure related to our validation of the ICMM PE can be found
here
. Teck is also in validated against the Mining Association of Canada’s Towards Sustainable Mining (MAC TSM) Protocols. Disclosure related to our self-assessments and verification on the TSM Protocols can be found on the
MAC TSM website.
For the full report, please click
here
. Other reports, including the 2025 Annual Report are also available on our
Disclosure Portal
.
Forward-Looking Statements
This news release contains certain forward-looking statements within the meaning of the United States Private Securities Litigation Reform Act of 1995 and forward-looking information as defined in the
Securities Act
(Ontario). Forward-looking statements and information can be identified by statements that certain actions, events or results “may”, “could”, “should”, “believe”, “would”, “expect”, “continue”, “might” or “will” be taken, occur or achieved. Forward-looking statements include statements relating to Teck’s focus on responsibly providing the critical minerals needed for global development and the energy transition, the proposed merger with Anglo American plc, and the potential to strengthen sustainability performance.
Forward-looking statements involve known and unknown risks, uncertainties and other factors, which may cause the actual results, performance or achievements of Teck to be materially different from any future results, performance or achievements expressed or implied by the forward-looking statements. These statements are based on a number of assumptions, including, but not limited to, assumptions regarding general business and economic conditions, our ability to implement our sustainability strategy and related governance processes, our ability to satisfy the conditions of closing of the proposed merger, our ability to operate safely, support local communities and create long-term value, our ability to obtain and maintain permits, the regulatory framework remaining defined and understood, and other considerations that are believed to be appropriate in the circumstances. The foregoing list of assumptions is not exhaustive. Events or circumstances could cause actual results to vary materially.
Factors that may cause actual results to vary include, but are not limited to, risks relating to our ability to implement our sustainability strategy and related governance processes, our ability to satisfy the conditions of closing of the proposed merger, our ability to operate safely, support local communities and create long-term value, our ability to obtain and maintain permits, changes in the regulatory framework and the presence of laws and regulations that may impose restrictions on mining, the timing and ability of Teck to obtain and maintain required approvals and permits, community, non-governmental and governmental actions, stakeholder and Indigenous peoples’ actions, risks related to mining construction and operation activities, the ability to continue current operations, metal and commodity prices, the global economic climate, and changes or deterioration in general economic conditions. Teck does not assume the obligation to revise or update these forward-looking statements after the date of this document, except as may be required under applicable securities laws.
About Teck
Teck is a leading Canadian resource company focused on responsibly providing metals essential to economic development and the energy transition. Teck has a portfolio of world-class copper and zinc operations across North and South America and an industry-leading copper growth pipeline. We are focused on creating value by advancing responsible growth and ensuring resilience built on a foundation of stakeholder trust. Headquartered in Vancouver, Canada, Teck’s shares are listed on the Toronto Stock Exchange under the symbols TECK.A and TECK.B and the New York Stock Exchange under the symbol TECK. Learn more about Teck at
www.teck.com
or follow
@TeckResources
.
Investor Contact:
Emma Chapman
Vice President, Investor Relations
+44.207.509.6576
emma.chapman@teck.com
Media Contact:
Dale Steeves
Director, External Communications
236.987.7405
dale.steeves@teck.com
© 2026 Canjex Publishing Ltd. All rights reserved.","C:\Users\Admin\Mineral Media\Mineral Media Shared Library - Documents\13 - DS AI\2. SEDAR+\3. Company Onboarding\Results\TECK.B\news_html\2026-03-12.html","https://pub-e6549556cd074443b759440dcb9b174f.r2.dev/onboarding/TECK.B/news_html/2026-03-12.html","","NONE","2025 Sustainability performance report","","","2025-11-30","2026-02-19"
"stockwatch","TECK.B","Teck Resources Limited","2026-03-12","ANNUAL_REPORT_EN","metals and minerals - mining","Other","","","","https://www.stockwatch.com/News/Sedardoc/6146585.pdf","","0","0","no","","","","","","","","","","2025-11-30","2026-02-19"
"stockwatch","TECK.B","Teck Resources Limited","2026-02-19","NEWS_RELEASE_EN","metals and minerals - mining","NewsRelease","Teck Reports Unaudited Fourth Quarter Results for 2025","https://www.stockwatch.com/News/Item/Z-C!TECK-3786485/C/TECK","3786485","https://www.stockwatch.com/News/Sedardoc/6127485.pdf","","0","0","no","","2026-02-19 01:01 ET - News Release
VANCOUVER, British Columbia, Feb.  19, 2026  (GLOBE NEWSWIRE) -- Teck Resources Limited (TSX: TECK.A and TECK.B, NYSE: TECK) (Teck) today announced its unaudited fourth quarter results for 2025.
“Teck closed out 2025 with strong momentum, delivering robust Q4 financial performance underpinned by significantly higher copper prices and operating performance in line with plan,” said Jonathan Price, President and CEO. “At Quebrada Blanca, we continued to make meaningful progress on ramp‑up, with improving production and tailings management facility development, supporting unlocking the full value of this exceptional resource. We advanced the proposed merger of equals between Teck and Anglo American, with shareholders voting overwhelmingly in favour and a key approval secured under the
Investment Canada Act
. Looking ahead to 2026, Teck is well positioned to deliver disciplined execution of our business plans and progress the merger and integration planning to create a global top‑five copper company.”
Highlights
The proposed merger of equals (the Merger) with Anglo American plc to form Anglo Teck advanced during the fourth quarter with Teck shareholders voting overwhelmingly in favour of the transaction on December 9, 2025, and the Government of Canada granting approval of the Merger under the
Investment Canada Act
on December 15, 2025.
On October 7, 2025, we announced the completion of our Comprehensive Operational Review and Updated Outlook. Progress on the QB Action Plan continued in the fourth quarter with development of the tailings management facility (TMF) proceeding as planned with progressive improvement in sand drainage rates and dam development.
Adjusted EBITDA
1
of $1.5 billion in Q4 2025 was $678 million higher than the same period last year, driven by significantly higher copper prices and increased revenue from by-products. Our profit from continuing operations before taxes was $792 million in Q4 2025.
Adjusted profit from continuing operations attributable to shareholders
1
in Q4 2025, was $671 million, or $1.37 per share and profit from continuing operations attributable to shareholders was $544 million or $1.11 per share.
We ended the year in a net cash
1
position, supported by $1.3 billion of cash flow generated from operations in Q4 2025. Our liquidity as at February 18, 2026 is $9.3 billion, including $5.2 billion of cash.
Our copper segment generated gross profit before depreciation and amortization
1
of $1.1 billion in Q4 2025 compared to $732 million in the same period last year, driven by higher copper prices, which averaged US$5.03 per pound in the fourth quarter, and lower smelter processing charges. Gross profit from our copper business was $747 million in Q4 2025.
Copper prices rose significantly during Q4 2025 and closed at US$5.67 per pound at year end.
Our zinc segment generated gross profit before depreciation and amortization
1
of $305 million in the fourth quarter, compared to $320 million in the same period last year. Lower zinc sales volumes from Red Dog, due to the timing of shipments, were largely offset by improved profitability at our Trail Operations. Gross profit from our zinc business was $243 million in Q4 2025.
Our annual High-Potential Incident (HPI) frequency rate improved to 0.06, equal to our best annual result achieved for Teck-controlled operations and 50% lower than last year.
Note:
This is a non-GAAP financial measure or ratio. See “
Use of
Non-GAAP Financial Me
asures and R
atios
” for further information.
Financial Summary Q4 2025
Financial Metrics
(CAD$ in millions, except per share data)
Q4 2025
Q4 2024
Revenue
$
3,058
$
2,786
Gross profit
$
990
$
542
Gross profit before depreciation and amortization
1
$
1,384
$
1,052
Profit from continuing operations before taxes
$
792
$
256
Adjusted EBITDA
1
$
1,513
$
835
Profit from continuing operations attributable to shareholders
$
544
$
385
Adjusted profit from continuing operations attributable to shareholders
1
$
671
$
232
Basic earnings per share from continuing operations
$
1.11
$
0.75
Diluted earnings per share from continuing operations
$
1.11
$
0.75
Adjusted basic earnings per share from continuing operations
1
$
1.37
$
0.45
Adjusted diluted earnings per share from continuing operations
1
$
1.37
$
0.45
Key Updates
Teck and Anglo American plc Merger of Equals
On September 9, 2025, Teck and Anglo American plc announced the Merger to form Anglo Teck, a global critical minerals champion headquartered in Canada. Both Anglo American plc and Teck believe the Merger will be highly attractive for their respective shareholders and stakeholders, enhancing portfolio quality, financial and operational resilience and strategic positioning.
The Merger is expected to deliver annual pre-tax synergies of approximately US$800 million, with approximately 80% expected to be realized on a run-rate basis by the end of the second year following completion. Anglo Teck will also work with key stakeholders and partners to optimize the value of the adjacent Collahuasi and Quebrada Blanca assets to realize US$1.4 billion (100% basis) of annual average underlying EBITDA
2
uplift from 2030-2049.
On December 9, 2025, shareholders of both Teck and Anglo American plc approved the Merger as required under the arrangement agreement.
On December 15, 2025, Teck and Anglo American received regulatory approval from the Government of Canada under the
Investment Canada Act
(ICA) for the Merger.
The Merger remains subject to customary closing conditions for a transaction of this nature, including regulatory approvals in multiple jurisdictions globally. The parties continue to work collaboratively toward securing the required approvals and advancing the transaction to completion.
Notes:
This is a non-GAAP financial measure or ratio. See “Use of Non-GAAP Financial Measures and Ratios” for further information.
This is a non-GAAP financial measure. See the Management Proxy Circular for the special meeting of shareholders of Teck Resources Limited held on December 9, 2025, filed under Teck's profile on SEDAR+ (www.sedarplus.ca) for further information.
QB Action Plan Update and Q4 Performance
In 2025, production at QB was constrained by the pace of development of the TMF, requiring downtime in the concentrator to manage the rate of tailings rise. Our priority remains enabling safe, unconstrained production by raising the crest height of the dam. This is being delivered through construction of additional rock benches while continuing to progress efforts to improve sand drainage to support construction of the sand dam.
Q4 2025 copper production at QB was 55,400 tonnes, an increase of 15,800 tonnes compared with Q3 2025 and the strongest quarterly performance of 2025. Q4 2025 performance was driven by the continued development of the TMF, focus on operational stability initiatives and progress towards steady-state operations.
Q4 2025 molybdenum production at QB was 690 tonnes, the highest quarterly production to date, with continued ramp-up of the molybdenum plant with the focus on operational stability.
In Q4 2025, development of the TMF advanced as planned, supporting effective management of freeboard levels and enabling continuous operations.
QB achieved progressive improvement in sand drainage rates during the fourth quarter. We completed the full replacement of the cyclone technology, which reduced the amount of ultra fines present in the sand, and successfully implemented refined sand placement improvements. The sand wedge development is progressing as per plan and, with improved sand drainage rates, we expect completion of the sand wedge in 2026. Work also advanced in the fourth quarter on the construction of the remaining rock benches, in line with expectations.
Throughput improved progressively throughout the fourth quarter with December achieving the highest monthly rate of throughput in 2025, and in line with rates achieved in Q4 2024. Recoveries remained consistent over the quarter and within plan based on the type of ore being processed. Copper grades continued to align with plan and were 0.59% on average in the fourth quarter.
Copper sales volumes from QB in Q4 2025 of 41,600 tonnes were lower than production, primarily due to a short-term build-up in inventory resulting from weather and sea conditions in December, which delayed shipments into early 2026.
Shiploader repairs at QB's port facility were completed at the end of January 2026. The first successful shipments were loaded in early February and normal operation of the shiploader has resumed.
QB net cash unit costs
1
for 2025 of US$2.67 per pound were at the lower end of our previously disclosed 2025 annual guidance range of US$2.65–US$3.00 per pound. QB net cash unit costs
1
in the fourth quarter increased from the same period last year mainly due to lower copper production, offset partially by lower operating costs and higher molybdenum by-product credits.
Safety and Sustainability Leadership
Our annual High-Potential Incident (HPI) frequency rate improved to 0.06, equal to our best annual result achieved for Teck-controlled operations. The rate is 50% lower than the 2024 annual rate of 0.12.
On November 18, 2025, Teck was named one of Canada’s Top 100 Employers for the ninth consecutive year by Mediacorp Canada’s Top Employers program, which recognizes companies for exceptional human resource programs and innovative workplace policies.
Note:
This is a non-GAAP financial measure or ratio. See “Use of Non-GAAP Financial Measures and Ratios” for further information.
Guidance
Our 2025 annual production of copper, zinc in concentrate and refined zinc and our 2025 copper and zinc net cash unit costs
1
were within our previously disclosed guidance ranges.
On January 20, 2026, we reaffirmed our previously disclosed 2026 annual guidance for all Teck operated sites and updated our 2026 annual zinc in concentrate production guidance for Antamina to 35,000 to 45,000 tonnes, reflecting an updated mine plan finalized in the fourth quarter of 2025.
There are no changes to our previously disclosed guidance, which is outlined in summary below and our usual guidance tables, including 2027–2028 production guidance, can be found on pages 26–29 of Teck’s fourth quarter results for 2025 at the link below.
2026 Guidance – Summary
Current
Production Guidance
Copper (000’s tonnes)
455 – 530
Zinc (000’s tonnes)
410 – 460
Refined zinc (000’s tonnes)
190 – 230
Sales Guidance –
Q1
2026
Red Dog zinc in concentrate sales (000’s tonnes)
40 – 50
Unit Cost Guidance
Copper net cash unit costs (US$/lb.)
1
1.85 – 2.20
Zinc net cash unit costs (US$/lb.)
1
0.65 – 0.75
Note:
This is a non-GAAP financial measure or ratio. See “Use of Non-GAAP Financial Measures and Ratios” for further information.
All dollar amounts expressed in this news release are in Canadian dollars unless otherwise noted.
Click here
to view Teck’s full fourth quarter results for 2025.
WEBCAST
Teck will host an Investor Conference Call to discuss its Q4/2025 financial results at 11:00 AM Eastern time, 8:00 AM Pacific time, on
February 19, 2026
. A live audio webcast of the conference call, together with supporting presentation slides, will be available at our website at
www.teck.com
. The webcast will be archived at
www.teck.com
.
REFERENCE
Emma Chapman, Vice President, Investor Relations: +44 207.509.6576
Dale Steeves, Director, External Communications: +1 236.987.7405
USE OF NON-GAAP FINANCIAL MEASURES AND RATIOS
Our annual financial statements are prepared in accordance with IFRS
®
Accounting Standards as issued by the International Accounting Standards Board (IASB). Our interim financial results are prepared in accordance with IAS 34,
Interim Financial Reporting
(IAS 34). This document refers to a number of non-GAAP financial measures and non-GAAP ratios, which are not measures recognized under IFRS Accounting Standards and do not have a standardized meaning prescribed by IFRS Accounting Standards or by Generally Accepted Accounting Principles (GAAP) in the United States.
The non-GAAP financial measures and non-GAAP ratios described below do not have standardized meanings under IFRS Accounting Standards, may differ from those used by other issuers, and may not be comparable to similar financial measures and ratios reported by other issuers. These financial measures and ratios have been derived from our financial statements and applied on a consistent basis as appropriate. We disclose these financial measures and ratios because we believe they assist readers in understanding the results of our operations and financial position and provide further information about our financial results to investors. These measures should not be considered in isolation or used as a substitute for other measures of performance prepared in accordance with IFRS Accounting Standards.
Adjusted profit from continuing operations attributable to shareholders
– For adjusted profit from continuing operations attributable to shareholders, we adjust profit from continuing operations attributable to shareholders as reported to remove the after-tax effect of certain types of transactions that reflect measurement changes on our balance sheet or are not indicative of our normal operating activities.
EBITDA
– EBITDA is profit before net finance expense, provision for income taxes, and depreciation and amortization.
Adjusted EBITDA
– Adjusted EBITDA is EBITDA before the pre-tax effect of the adjustments that we make to adjusted profit from continuing operations attributable to shareholders as described above.
Adjusted profit from continuing operations attributable to shareholders, EBITDA and Adjusted EBITDA highlight items and allow us and readers to analyze the rest of our results more clearly. We believe that disclosing these measures assists readers in understanding the ongoing cash-generating potential of our business in order to provide liquidity to fund working capital needs, service outstanding debt, fund future capital expenditures and investment opportunities, and pay dividends.
Adjusted basic earnings per share from continuing operations
– Adjusted basic earnings per share from continuing operations is adjusted profit from continuing operations attributable to shareholders divided by average number of shares outstanding in the period.
Adjusted diluted earnings per share from continuing operations
– Adjusted diluted earnings per share from continuing operations is adjusted profit from continuing operations attributable to shareholders divided by average number of fully diluted shares in a period.
Gross profit before depreciation and amortization
– Gross profit before depreciation and amortization is gross profit with depreciation and amortization expense added back. We believe this measure assists us and readers to assess our ability to generate cash flow from our reportable segments or overall operations.
Total cash unit costs
– Total cash unit costs for our copper and zinc operations includes adjusted cash costs of sales, as described below, plus the smelter and refining charges added back in determining adjusted revenue. This presentation allows a comparison of total cash unit costs, including smelter charges, to the underlying price of copper or zinc in order to assess the margin for the mine on a per unit basis.
Net cash unit costs
– Net cash unit costs of principal product, after deducting co-product and by-product margins, are also a common industry measure. By deducting the co- and by-product margin per unit of the principal product, the margin for the mine on a per unit basis may be presented in a single metric for comparison to other operations.
Adjusted cash cost of sales
– Adjusted cash cost of sales for our copper and zinc operations is defined as the cost of the product delivered to the port of shipment, excluding depreciation and amortization charges, any one-time collective agreement charges or inventory write-down provisions and by-product cost of sales. It is common practice in the industry to exclude depreciation and amortization, as these costs are non-cash, and discounted cash flow valuation models used in the industry substitute expectations of future capital spending for these amounts.
Total debt
– Total debt is the sum of debt plus lease liabilities, including the current portions of debt and lease liabilities.
Net debt (cash)
– Net debt (cash) is total debt, less cash and cash equivalents. Net cash is the amount by which our cash balance exceeds our total debt balance.
Profit (Loss) from Continuing Operations Attributable to Shareholders and Adjusted Profit from Continuing Operations Attributable to Shareholders
Three months ended
December 31,
Year ended
December 31,
(CAD$ in millions)
2025
2024
2025
2024
Profit (loss) from continuing operations attributable to shareholders
$
544
$
385
$
1,401
$
(467
)
Add (deduct) on an after-tax basis:
Asset impairment
—
—
—
828
QB variable consideration to IMSA and Codelco
(70
)
23
(86
)
32
Environmental costs
141
(6
)
172
3
Share-based compensation
19
5
52
72
Commodity derivatives
(46
)
(29
)
(105
)
(65
)
Foreign exchange (gains) losses
22
(208
)
37
(137
)
Tax items
—
(51
)
(82
)
178
Other
61
113
144
161
Adjusted profit from continuing operations attributable to shareholders
$
671
$
232
$
1,533
$
605
Basic earnings (loss) per share from continuing operations
$
1.11
$
0.75
$
2.84
$
(0.90
)
Diluted earnings (loss) per share from continuing operations
$
1.11
$
0.75
$
2.83
$
(0.90
)
Adjusted basic earnings per share from continuing operations
$
1.37
$
0.45
$
3.10
$
1.17
Adjusted diluted earnings per share from continuing operations
$
1.37
$
0.45
$
3.09
$
1.16
Reconciliation of Basic Earnings (Loss) per share from Continuing Operations to Adjusted Basic Earnings per share from Continuing Operations
Three months ended
December 31,
Year ended
December 31,
(Per share amounts)
2025
2024
2025
2024
Basic earnings (loss) per share from continuing operations
$
1.11
$
0.75
$
2.84
$
(0.90
)
Add (deduct):
Asset impairment
—
—
—
1.60
QB variable consideration to IMSA and Codelco
(0.14
)
0.05
(0.17
)
0.06
Environmental costs
0.29
(0.01
)
0.35
0.01
Share-based compensation
0.04
0.01
0.11
0.14
Commodity derivatives
(0.09
)
(0.06
)
(0.21
)
(0.13
)
Foreign exchange (gains) losses
0.05
(0.41
)
0.07
(0.27
)
Tax items
—
(0.10
)
(0.16
)
0.34
Other
0.11
0.22
0.27
0.32
Adjusted basic earnings per share from continuing operations
$
1.37
$
0.45
$
3.10
$
1.17
Reconciliation of Diluted Earnings (Loss) per share from Continuing Operations to Adjusted Diluted Earnings per share from Continuing Operations
Three months ended
December 31,
Year ended
December 31,
(Per share amounts)
2025
2024
2025
2024
Diluted earnings (loss) per share from continuing operations
$
1.11
$
0.75
$
2.83
$
(0.90
)
Add (deduct):
Asset impairment
—
—
—
1.58
QB variable consideration to IMSA and Codelco
(0.14
)
0.04
(0.17
)
0.06
Environmental costs
0.29
(0.01
)
0.35
0.01
Share-based compensation
0.04
0.01
0.10
0.14
Commodity derivatives
(0.09
)
(0.06
)
(0.21
)
(0.13
)
Foreign exchange (gains) losses
0.04
(0.41
)
0.07
(0.26
)
Tax items
—
(0.10
)
(0.16
)
0.34
Other
0.12
0.23
0.28
0.32
Adjusted diluted earnings per share from continuing operations
$
1.37
$
0.45
$
3.09
$
1.16
Reconciliation of EBITDA and Adjusted EBITDA
Three months ended
December 31,
Year ended
December 31,
(CAD$ in millions)
2025
2024
2025
2024
Profit (loss) from continuing operations before taxes
$
792
$
256
$
1,656
$
(718
)
Net finance expense
172
141
641
719
Depreciation and amortization
413
523
1,757
1,726
EBITDA
1,377
920
4,054
1,727
Add (deduct):
Asset impairment
—
—
—
1,053
QB variable consideration to IMSA and Codelco
(116
)
37
(142
)
51
Environmental costs
166
(8
)
208
—
Share-based compensation
25
5
66
91
Commodity derivatives
(63
)
(40
)
(144
)
(90
)
Foreign exchange (gains) losses
25
(235
)
41
(146
)
Other
99
156
250
247
Adjusted EBITDA
$
1,513
$
835
$
4,333
$
2,933
Reconciliation of Gross Profit Before Depreciation and Amortization
Three months ended
December 31,
Year ended
December 31,
(CAD$ in millions)
2025
2024
2025
2024
Gross profit
$
990
$
542
$
2,657
$
1,607
Depreciation and amortization
1
394
510
1,682
1,665
Gross profit before depreciation and amortization
$
1,384
$
1,052
$
4,339
$
3,272
Reported as:
Copper
Quebrada Blanca
$
280
$
304
$
860
$
766
Highland Valley Copper
286
100
850
471
Antamina
370
275
1,101
1,038
Carmen de Andacollo
142
52
382
121
Other
1
1
3
5
1,079
732
3,196
2,401
Zinc
Trail Operations
106
15
282
12
Red Dog
200
303
846
851
Other
(1
)
2
15
8
305
320
1,143
871
Gross profit before depreciation and amortization
$
1,384
$
1,052
$
4,339
$
3,272
Note:
Depreciation and amortization recognized in cost of sales.
CAUTIONARY STATEMENT ON FORWARD-LOOKING STATEMENTS
This news release contains certain forward-looking information and forward-looking statements as defined in applicable securities laws (collectively referred to as forward-looking statements). These statements relate to future events or our future performance. All statements other than statements of historical fact are forward-looking statements. The use of any of the words “anticipate”, “can”, “could”, “plan”, “continue”, “estimate”, “expect”, “may”, “will”, “would”, “project”, “predict”, “likely”, “potential”, “should”, “believe” and similar expressions is intended to identify forward-looking statements. These statements involve known and unknown risks, uncertainties and other factors that may cause actual results or events to differ materially from those anticipated in such forward-looking statements. These statements speak only as of the date of this news release.
These forward-looking statements include, but are not limited to, statements concerning: our focus and strategy, including being a pure-play energy transition metals company; anticipated global and regional supply, demand and market outlook for our commodities; our business, assets, and strategy going forward, including with respect to future and ongoing project development; our expectations with respect to a disciplined execution of our business plans; our ability to complete the Merger with Anglo American, including timing of completion, the ability to meet customary closing conditions and our ability to receive applicable approvals; our expectations with respect to the Merger with Anglo American and integration planning; our ability to achieve corporate synergies with Anglo American and potential synergies between QB and Collahuasi; our ability to execute our copper growth strategy in a value accretive manner; the timing and format of any cash returns to shareholders; our expectations regarding cost, timing and completion of HVC MLE; our expectations regarding our Comprehensive Operational Review and updated outlook, including any progress of the QB Action Plan; our expectations regarding cost, timing and completion of TMF development initiatives and installation of remaining permanent tailings infrastructure and water management at our QB operations; the occurrence and length of any potential downtime at QB; our ability to raise improve and support construction of the sand dam, including the construction of a sand wedge; our expectations regarding improved sand drainage, including paddock design and sand placement; our expectations with respect to improved recoveries at QB and achieve design rates in the mine, concentrator and molybdenum plant; the continued ramp-up to consistent production and future optimization and debottlenecking of our QB operations; our expectations with respect to the normal operation of the shiploader; our expectations with respect to no longer needing alternative port arrangements for shipping at QB; our expectations with respect to operations at Carmen de Andacollo; our expectations with respect to Teck's updated operating strategy and production at Trail; our expectations with respect to the production and sales volume at Red Dog; our expectations with respect to shipment conditions, weather and sea conditions for our Red Dog operations; potential raw material constraints on our business; our expectations with respect to the occurrence, timing and length of required maintenance shutdowns and equipment replacement; expectations regarding inflationary pressures and our ability to manage controllable operating expenditures; the uncertainty surrounding the status of various worldwide tariffs and their impact on the mining industry; expectations with respect to the potential impact of any tariffs, countervailing duties or other trade restrictions, including the impact on trade flows, demand for our products and general economic conditions and our ability to manage our sale arrangements to minimize any impacts or maintain compliance with any exemptions provided; expectations with respect to execution of our copper growth strategy, including the timing and occurrence of any sanction decisions and prioritization and amount of planned growth capital expenditures; expectations regarding advancement of our copper growth portfolio projects, including advancement of study, permitting, execution planning, detailed engineering and design, risk mitigation, and advanced early works, community and Indigenous engagement, completion of updated cost estimates, tendering processes, and timing for receipt of permits related to QB optimization, QB Asset Expansion, the Red Dog MLE, the HVC MLE, San Nicolás, and Zafranal projects, as applicable; our expectations with respect to the timing of completion and cost of the HVC MLE; our expectations and results with respect to the royalties on our operations; expectations with respect to timing and outcome of the regulatory approvals process for our copper growth projects; expectations for copper growth capital expenditures to progress our medium- to long-term projects, including Galore Creek, Schaft Creek, NewRange, and NuevaUnion; our expectations regarding safety rates at our operations; expectations regarding our effective tax rate; expectations regarding after-tax impairments; liquidity and availability of borrowings under our credit facilities; requirements to post and our ability to obtain additional credit for posting security for reclamation at our sites; expectations for our general and administration and research and innovation costs and costs related to the enterprise resource planning system; profit and loss expectations; our expectations with respect to potential results of any litigation, arbitration or regulatory action; copper price market trends and expectations; our expectations with respect to foreign demand for our materials; our ability to continue to declare dividends; mineral grades; all guidance appearing in this document including but not limited to the production, sales, cost, unit cost, capital expenditure, capitalized stripping, operating outlook, and other guidance under the headings “Guidance” and ""Outlook"" and as discussed elsewhere in the various reportable segment sections; our expectations regarding inflationary pressures and increased key input costs; and expectations regarding the adoption of new accounting standards and the impact of new accounting developments.
These forward-looking statements are based on the information available at the time those statements are made and are of good faith belief of the officers and directors of Teck as of the time with respect to future events and are subject to a number of assumptions, including, but not limited to, assumptions disclosed elsewhere in this document and assumptions regarding general business and economic conditions, interest rates, commodity and power prices; the completion of the Merger with Anglo American and integration planning with Anglo American; completion of the QB Action Plan; the potential corporate synergies between Anglo American and Teck; acts of foreign or domestic governments and the outcome of legal proceedings, including expectations with respect to the claims for indemnification from NSC and Glencore in connection with the sale of the steelmaking coal business; the imposition of tariffs, import or export restrictions, or other trade barriers or retaliatory measures by foreign or domestic governments; the continued operation of QB in accordance with our expectations; our ability to advance TMF development initiatives as expected and the occurrence and length of any potential maintenance downtime; expectations with respect to the restart of the shiploader at QB; expectations with respect to availability of alternative port arrangements; expectations and assumptions with respect to HVC MLE capital cost estimate and expected project economics; expectations with respect to the timing and completion of the HVC MLE; the possibility that our business may not perform as expected or in a manner consistent with historical performance; the supply and demand for, deliveries of, and the level and volatility of prices of copper and zinc and our other metals and minerals, as well as steel, crude oil, natural gas and other petroleum products; the timing of the receipt of permits and other regulatory and governmental approvals for our development projects and other operations, including mine life extensions; positive results from the studies on our expansion and development projects; our ability to secure adequate transportation, including rail and port services, for our products; our costs of production and our production and productivity levels, as well as those of our competitors; continuing availability of water and power resources for our operations; changes in credit market conditions and conditions in financial markets generally; the availability of funding to refinance our borrowings as they become due or to finance our development projects on reasonable terms; availability of letters of credit and other forms of financial assurance acceptable to regulators for reclamation and other bonding requirements; our ability to procure equipment and operating supplies in sufficient quantities and on a timely basis; the availability of qualified employees and contractors for our operations, including our new developments and our ability to attract and retain skilled employees; the satisfactory negotiation of collective agreements with unionized employees; our ability to improve or maintain the annual HPI frequency rate at Teck-controlled operations; the impact of changes in Canadian-U.S. dollar, Canadian dollar-Chilean Peso and other foreign exchange rates on our costs and results; engineering and construction timetables and capital costs for our development and expansion projects; our ability to develop technology and obtain the benefits of technology for our operations and development projects; closure costs; environmental compliance costs; market competition; the accuracy of our mineral reserve and resource estimates (including with respect to size, grade and recoverability) and the geological, operational and price assumptions on which these are based; tax benefits and statutory and effective tax rates; the outcome of our copper, zinc and lead concentrate treatment and refining charge negotiations with customers; favourable weather conditions for shipment and operations; the resolution of environmental, regulatory and other proceedings or disputes; our ability to obtain, comply with and renew permits, licenses and leases in a timely manner; and our ongoing relations with our employees and with our business and joint venture partners.
Statements regarding the availability of our credit facilities are based on assumptions that we will be able to satisfy the conditions for borrowing at the time of a borrowing request and that the facilities are not otherwise terminated or accelerated due to an event of default. Assumptions regarding the costs and benefits of our projects include assumptions that the relevant project is constructed, commissioned and operated in accordance with current expectations. Expectations regarding our operations are based on numerous assumptions regarding the operations. Our Guidance tables include disclosure and footnotes with further assumptions relating to our guidance, and assumptions for certain other forward-looking statements accompany those statements within the document. Statements concerning future production costs or volumes are based on numerous assumptions regarding operating matters and on assumptions that demand for products develops as anticipated, that customers and other counterparties perform their contractual obligations, that operating and capital plans will not be disrupted by issues such as mechanical failure, unavailability of parts and supplies, labour disturbances, interruption in transportation or utilities, or adverse weather conditions, and that there are no material unanticipated variations in the cost of energy or supplies. The foregoing list of assumptions is not exhaustive. Events or circumstances could cause actual results to vary materially.
Factors that may cause actual results to vary materially include, but are not limited to, changes in commodity and power prices; changes in market demand for our products; changes in interest and currency exchange rates; acts of governments and the outcome of legal proceedings, including indemnification claims; ability for Teck to satisfy all conditions precedent for closing of the Merger; ability for Teck to receive necessary approvals to complete the Merger; costs related to the Merger; the imposition of tariffs, import or export restrictions, or other trade barriers or retaliatory measures by foreign or domestic governments; inaccurate geological and metallurgical assumptions (including with respect to the size, grade and recoverability of mineral reserves and resources); operational difficulties (including failure of plant, equipment or processes to operate in accordance with specifications or expectations, cost escalation, unavailability of labour, materials and equipment); government action or delays in the receipt of government approvals; changes in royalty or tax rates; industrial disturbances or other job action; adverse weather conditions; unanticipated events related to health, safety and environmental matters; union labour disputes; political risk; social unrest; failure of customers or counterparties (including logistics suppliers) to perform their contractual obligations; changes in our credit ratings; unanticipated increases in costs to construct our development projects; difficulty in obtaining permits; inability to address concerns regarding permits or environmental impact assessments; changes in laws and mining regulations; potential changes to CUSMA; changes in Canadian property law and ownership title; and changes or further deterioration in general economic conditions. The amount and timing of capital expenditures is dependent upon, among other matters, being able to secure permits, equipment, supplies, materials and labour on a timely basis and at expected costs. Certain operations and projects are not controlled by us; schedules and costs may be adjusted by our partners, and timing of spending and operation of the operation or project is not in our control. Certain of our other operations and projects are operated through joint arrangements where we may not have control over all decisions, which may cause outcomes to differ from current expectations. Ongoing monitoring may reveal unexpected environmental conditions at our operations and projects that could require additional remedial measures. Production at our QB and Red Dog Operations may also be impacted by water levels at site. Sales to China may be impacted by general and specific port restrictions, Chinese regulation and policies, and normal production and operating risks.
We assume no obligation to update forward-looking statements except as required under securities laws. Further information concerning risks, assumptions and uncertainties associated with these forward-looking statements and our business can be found in our Annual Information Form for the year ended December 31, 2024 filed under our profile on SEDAR+ (www.sedarplus.ca) and on EDGAR (www.sec.gov) under cover of Form 40-F, as well as subsequent filings that can also be found under our profile.
Scientific and technical information in this quarterly report regarding our material properties was reviewed, approved and verified by Jason Sangha, P.Eng., Vice President, Technical & Planning, an officer of Teck and a Qualified Person as defined under National Instrument 43-101.
© 2026 Canjex Publishing Ltd. All rights reserved.","C:\Users\Admin\Mineral Media\Mineral Media Shared Library - Documents\13 - DS AI\2. SEDAR+\3. Company Onboarding\Results\TECK.B\news_html\2026-02-19.html","https://pub-e6549556cd074443b759440dcb9b174f.r2.dev/onboarding/TECK.B/news_html/2026-02-19.html","","NONE","Teck Reports Unaudited Fourth Quarter Results for 2025","","","2025-11-30","2026-02-19"
"stockwatch","TECK.B","Teck Resources Limited","2026-02-19","OTHER","metals and minerals - mining","Other","","","","https://www.stockwatch.com/News/Sedardoc/6128061.pdf","","0","0","no","","","","","","","","","","2025-11-30","2026-02-19"
"stockwatch","TECK.B","Teck Resources Limited","2026-02-19","52109F1_CERTIFICATION_OF_ANNUAL_FILINGS_CEO_EN","metals and minerals - mining","Other","","","","https://www.stockwatch.com/News/Sedardoc/6127887.pdf","","0","0","no","","","","","","","","","","2025-11-30","2026-02-19"
"stockwatch","TECK.B","Teck Resources Limited","2026-02-19","52109F1_CERTIFICATION_OF_ANNUAL_FILINGS_CFO_EN","metals and minerals - mining","Other","","","","https://www.stockwatch.com/News/Sedardoc/6127888.pdf","","0","0","no","","","","","","","","","","2025-11-30","2026-02-19"
"stockwatch","TECK.B","Teck Resources Limited","2026-02-19","MDA_EN","metals and minerals - mining","MD&A","","","","https://www.stockwatch.com/News/Sedardoc/6127880.pdf","C:\Users\Admin\Mineral Media\Mineral Media Shared Library - Documents\13 - DS AI\2. SEDAR+\3. Company Onboarding\Results\TECK.B\pdfs\MD&A\2026-02-19_TECK.B_MD&A_MDA_EN.pdf","73","24410","yes","https://pub-e6549556cd074443b759440dcb9b174f.r2.dev/onboarding/TECK.B/2026-02-19_TECK.B_MD&A_MDA_EN.pdf","","","","","","","","","2025-11-30","2026-02-19"
"stockwatch","TECK.B","Teck Resources Limited","2026-02-19","AB_FORMF1","metals and minerals - mining","Other","","","","https://www.stockwatch.com/News/Sedardoc/6127868.pdf","","0","0","no","","","","","","","","","","2025-11-30","2026-02-19"
"stockwatch","TECK.B","Teck Resources Limited","2026-02-19","ON_FORMF1","metals and minerals - mining","Other","","","","https://www.stockwatch.com/News/Sedardoc/6127869.pdf","","0","0","no","","","","","","","","","","2025-11-30","2026-02-19"
"stockwatch","TECK.B","Teck Resources Limited","2026-02-19","AUDITED_ANNUAL_FINANCIAL_STATEMENTS_EN","metals and minerals - mining","Other","","","","https://www.stockwatch.com/News/Sedardoc/6127838.pdf","","0","0","no","","","","","","","","","","2025-11-30","2026-02-19"
"stockwatch","TECK.B","Teck Resources Limited","2026-02-19","ANNUAL_INFORMATION_FORM_EN","metals and minerals - mining","AIF","","","","https://www.stockwatch.com/News/Sedardoc/6127824.pdf","C:\Users\Admin\Mineral Media\Mineral Media Shared Library - Documents\13 - DS AI\2. SEDAR+\3. Company Onboarding\Results\TECK.B\pdfs\AIF\2026-02-19_TECK.B_AIF_ANNUAL_INFORMATION_FORM_EN.pdf","119","44759","yes","https://pub-e6549556cd074443b759440dcb9b174f.r2.dev/onboarding/TECK.B/2026-02-19_TECK.B_AIF_ANNUAL_INFORMATION_FORM_EN.pdf","","","","","","","","","2025-11-30","2026-02-19"
"stockwatch","TECK.B","Teck Resources Limited","2026-02-18","NEWS_RELEASE_EN","metals and minerals - mining","NewsRelease","Teck Announces Dividend","https://www.stockwatch.com/News/Item/Z-C!TECK-3786235/C/TECK","3786235","https://www.stockwatch.com/News/Sedardoc/6126905.pdf","","0","0","no","","2026-02-18 15:37 ET - News Release
VANCOUVER, British Columbia, Feb.  18, 2026  (GLOBE NEWSWIRE) -- Teck Resources Limited (TSX: TECK.A and TECK.B, NYSE: TECK) (“Teck”) announced today that its Board of Directors has declared an eligible dividend of $0.125 per share on its outstanding Class A common shares and Class B subordinate voting shares, to be paid on March 31, 2026 to shareholders of record at the close of business on March 13, 2026.
About Teck
Teck is a leading Canadian resource company focused on responsibly providing metals essential to economic development and the energy transition. Teck has a portfolio of world-class copper and zinc operations across North and South America and an industry-leading copper growth pipeline. We are focused on creating value by advancing responsible growth and ensuring resilience built on a foundation of stakeholder trust. Headquartered in Vancouver, Canada, Teck’s shares are listed on the Toronto Stock Exchange under the symbols TECK.A and TECK.B and the New York Stock Exchange under the symbol TECK. Learn more about Teck at
www.teck.com
or follow
@TeckResources
.
Investor Contact:
Emma Chapman
Vice President, Investor Relations
+44.207.509.6576
emma.chapman@teck.com
Media Contact:
Dale Steeves
Director, External Communications
236.987.7405
dale.steeves@teck.com
© 2026 Canjex Publishing Ltd. All rights reserved.","C:\Users\Admin\Mineral Media\Mineral Media Shared Library - Documents\13 - DS AI\2. SEDAR+\3. Company Onboarding\Results\TECK.B\news_html\2026-02-18.html","https://pub-e6549556cd074443b759440dcb9b174f.r2.dev/onboarding/TECK.B/news_html/2026-02-18.html","","NONE","Dividend announcement","","","2025-11-30","2026-02-19"
"stockwatch","TECK.B","Teck Resources Limited","2026-02-17","NEWS_RELEASE_EN","metals and minerals - mining","NewsRelease","Teck to Present at the BMO Global Metals, Mining & Critical Minerals Conference February 23, 2026","https://www.stockwatch.com/News/Item/Z-C!TECK-3785763/C/TECK","3785763","https://www.stockwatch.com/News/Sedardoc/6126157.pdf","","0","0","no","","2026-02-17 17:36 ET - News Release
VANCOUVER, British Columbia, Feb.  17, 2026  (GLOBE NEWSWIRE) -- Teck Resources Limited (TSX: TECK.A and TECK.B, NYSE: TECK) (“Teck”) President and Chief Executive Officer Jonathan Price, will be presenting at the BMO Global Metals, Mining & Critical Minerals conference on Monday, February 23, 2026, at 1:30 p.m. Eastern/10:30 a.m. Pacific time. The investor presentation will include information on company strategy, financial performance, and outlook for the company’s business units.
The presentation will be webcast through the following link at:
https://app.webinar.net/PNYBpm6JGbj
.
Alternatively, the webcast with supporting slides will be available on Teck’s website at:
www.teck.com
.
About Teck
Teck is a leading Canadian resource company focused on responsibly providing metals essential to economic development and the energy transition. Teck has a portfolio of world-class copper and zinc operations across North and South America and an industry-leading copper growth pipeline. We are focused on creating value by advancing responsible growth and ensuring resilience built on a foundation of stakeholder trust. Headquartered in Vancouver, Canada, Teck’s shares are listed on the Toronto Stock Exchange under the symbols TECK.A and TECK.B and the New York Stock Exchange under the symbol TECK. Learn more about Teck at
www.teck.com
or follow
@TeckResources
.
Investor Contact:
Ellen Lai
Coordinator, Investor Relations
604.699.4257
ellen.lai@teck.com
Media Contact:
Dale Steeves
Director, External Communications
236.987.7405
dale.steeves@teck.com
© 2026 Canjex Publishing Ltd. All rights reserved.","C:\Users\Admin\Mineral Media\Mineral Media Shared Library - Documents\13 - DS AI\2. SEDAR+\3. Company Onboarding\Results\TECK.B\news_html\2026-02-17.html","https://pub-e6549556cd074443b759440dcb9b174f.r2.dev/onboarding/TECK.B/news_html/2026-02-17.html","","NONE","Teck's presentation at BMO conference","","","2025-11-30","2026-02-19"
"stockwatch","TECK.B","Teck Resources Limited","2026-02-11","EARLY_WARNING_REPORT","metals and minerals - mining","Other","","","","https://www.stockwatch.com/News/Sedardoc/6122765.pdf","","0","0","no","","","","","","","","","","2025-11-30","2026-02-19"
"stockwatch","TECK.B","Teck Resources Limited","2026-02-09","NEWS_RELEASE_EN","metals and minerals - mining","NewsRelease","Teck to Release Fourth Quarter 2025 Results on February 19, 2026","https://www.stockwatch.com/News/Item/Z-C!TECK-3783115/C/TECK","3783115","https://www.stockwatch.com/News/Sedardoc/6121062.pdf","","0","0","no","","2026-02-09 18:05 ET - News Release
VANCOUVER, British Columbia, Feb.  09, 2026  (GLOBE NEWSWIRE) -- Teck Resources Limited (TSX: TECK.A and TECK.B, NYSE: TECK) (“Teck”) will release its fourth quarter 2025 earnings results before market open on Thursday, February 19, 2026.
A webcast to review the results will be held as follows:
Date:
Thursday, February 19, 2026
Time:
8:00 a.m. PT / 11:00 a.m. ET
Listen-Only Webcast:
here
Dial In for Investor & Analyst Q&A:
Quote “Teck Resources”, to join the call
1.647.846.8877 or 1.833.752.3828
Alternate, pre-register to the call for Q&A:
registration link
An archive of the webcast will be available at
teck.com
within 24 hours.
About Teck
Teck is a leading Canadian resource company focused on responsibly providing metals essential to economic development and the energy transition. Teck has a portfolio of world-class copper and zinc operations across North and South America and an industry-leading copper growth pipeline. We are focused on creating value by advancing responsible growth and ensuring resilience built on a foundation of stakeholder trust. Headquartered in Vancouver, Canada, Teck’s shares are listed on the Toronto Stock Exchange under the symbols TECK.A and TECK.B and the New York Stock Exchange under the symbol TECK. Learn more about Teck at
www.teck.com
or follow
@TeckResources
.
Investor Contact:
Ellen Lai
Coordinator, Investor Relations
604.699.4257
ellen.lai@teck.com
Media Contact:
Dale Steeves
Director, External Communications
236.987.7405
dale.steeves@teck.com
© 2026 Canjex Publishing Ltd. All rights reserved.","C:\Users\Admin\Mineral Media\Mineral Media Shared Library - Documents\13 - DS AI\2. SEDAR+\3. Company Onboarding\Results\TECK.B\news_html\2026-02-09.html","https://pub-e6549556cd074443b759440dcb9b174f.r2.dev/onboarding/TECK.B/news_html/2026-02-09.html","","NONE","Teck to Release Fourth Quarter 2025 Results on February 19, 2026","","","2025-11-30","2026-02-19"
"stockwatch","TECK.B","Teck Resources Limited","2026-02-02","NOTICE_OF_THE_MEETING_AND_RECORD_DATE_EN","metals and minerals - mining","Other","","","","https://www.stockwatch.com/News/Sedardoc/6116724.pdf","","0","0","no","","","","","","","","","","2025-11-30","2026-02-19"
"stockwatch","TECK.B","Teck Resources Limited","2026-01-20","NEWS_RELEASE_EN","metals and minerals - mining","NewsRelease","Teck Announces 2025 Production and Sales Update and Reaffirms Outlook","https://www.stockwatch.com/News/Item/Z-C!TECK-3776045/C/TECK","3776045","https://www.stockwatch.com/News/Sedardoc/6105234.pdf","","0","0","no","","2026-01-20 18:53 ET - News Release
VANCOUVER, British Columbia, Jan.  20, 2026  (GLOBE NEWSWIRE) -- Teck Resources Limited (TSX: TECK.A and TECK.B, NYSE: TECK) (“Teck”) today provided select unaudited fourth quarter 2025 production and sales volumes and positive settlement pricing adjustments, annual production volumes for 2025, and reaffirmed previously disclosed production and unit cost guidance for 2026 to 2028 for Teck-operated sites.
Our fourth quarter 2025 financial results are scheduled for release on February 18, 2026.
2025 Production Results
The table below shows a summary of Teck’s share of unaudited production and sales of principal products for the fourth quarter of 2025, and 2025 annual production as compared to our previously disclosed annual guidance.
Our 2025 annual copper production of 453,500 tonnes, in line with our previously disclosed guidance, was supported by strong operational performance across all assets in Q4. Performance at Quebrada Blanca (QB) in Q4 was strong with copper production of 55,400 tonnes as we continued the development of the tailings management facility and remained focused on operational stability and progress towards steady state. Copper sales in Q4 2025 were lower than production, primarily due to a short-term build-up in inventory at QB resulting from weather and sea conditions in December, which delayed shipments into early 2026.
Our 2025 annual zinc in concentrate production of 565,000 tonnes was at the higher end of our previously disclosed guidance range. Zinc in concentrate sales were 157,200 tonnes in the fourth quarter, with all Red Dog shipments completed early in the quarter, in line with the normal seasonality of sales.
Our 2025 annual refined zinc production of 229,900 tonnes was at the high end of our previously disclosed guidance, as we continue to focus on improving profitability and cash generation through prioritizing processing of residues over maximizing refined zinc production.
Q4 2025
2025
2025 Guidance
(Units in 000’s tonnes)
Production
Sales
Production
Production
Copper
Quebrada Blanca
55.4
41.6
190.0
170 – 190
Highland Valley Copper
37.1
33.6
127.1
120 – 130
Antamina (22.5%)
26.4
27.9
85.9
80 – 90
Carmen de Andacollo
15.2
15.5
50.5
45 – 55
134.1
118.6
453.5
415
–
465
Zinc
Red Dog
87.3
136.6
462.7
430 – 470
Antamina (22.5%)
21.3
20.6
102.3
95 – 105
108.6
157.2
565.0
525
–
575
Refined zinc
Trail Operations
68.1
59.4
229.9
190
–
230
Pricing Adjustments
As a result of an increase in base metals prices, we expect to report positive settlement pricing adjustments of $295 million in the fourth quarter.
Guidance
There have been no changes to our previously disclosed annual production guidance for 2026–2028, issued on October 7, 2025, for all Teck-operated sites. Our previously disclosed 2026 annual zinc in concentrate production guidance for Antamina of 55,000– 65,000 tonnes has decreased to 35,000–45,000 tonnes, reflecting an updated mine plan, finalized in the fourth quarter of 2025. There has been no change in our previously disclosed 2026 annual copper production guidance for Antamina of 95,000–105,000 tonnes.
There has been no change to our previously disclosed annual 2026 net cash unit cost
1
guidance for our copper or zinc segments, issued on October 7, 2025.
1
This is a non-GAAP financial measure. See “
Use of Non-GAAP Financial Measures and Ratios”
for further information.
Use of Non-GAAP Financial Measures and Ratios
Our financial results are prepared in accordance with International Financial Reporting Standards as issued by the International Accounting Standards Board. This document includes reference to certain non-GAAP financial measures and non-GAAP ratios, which are not measures recognized under IFRS, do not have a standardized meaning prescribed by IFRS and may not be comparable to similar financial measures or ratios disclosed by other issuers. These financial measures and ratios have been derived from our financial statements and applied on a consistent basis, as appropriate. We disclose these financial measures and ratios because we believe they assist readers in understanding the results of our operations and financial position and provide further information about our financial results to investors. These measures should not be considered in isolation or used in substitute for other measures of performance prepared in accordance with IFRS. For more information on our use of non-GAAP financial measures and ratios, see the section titled “Use of Non-GAAP Financial Measures and Ratios” in our most recent Management Discussion Analysis, which is available on SEDAR+ (
www.sedarplus.ca
). Additional information on certain non-GAAP ratios is below.
Total cash unit costs
– Total cash unit costs for our copper and zinc operations includes adjusted cash costs of sales, as described below, plus the smelter and refining charges added back in determining adjusted revenue. This document allows a comparison of total cash unit costs, including smelter charges, to the underlying price of copper or zinc in order to assess the margin for the mine on a per unit basis.
Net cash unit costs
– Net cash unit costs of principal product, after deducting co-product and by-product margins, are also a common industry measure. By deducting the co- and by-product margin per unit of the principal product, the margin for the mine on a per unit basis may be presented in a single metric for comparison to other operations.
Adjusted cash cost of sales
– Adjusted cash cost of sales for our copper and zinc operations is defined as the cost of the product delivered to the port of shipment, excluding depreciation and amortization charges, any one-time collective agreement charges or inventory write-down provisions and by-product cost of sales. It is common practice in the industry to exclude depreciation and amortization as these costs are non-cash and discounted cash flow valuation models used in the industry substitute expectations of future capital spending for these amounts.
Adjusted site cash cost of sales
– Adjusted site cash cost of sales for our steelmaking coal operations is defined as the cost of the product as it leaves the mine excluding depreciation and amortization charges, out-bound transportation costs and any one-time collective agreement charges and inventory write-down provisions.
Cautionary Statement on Forward-Looking Statements
This news release contains certain forward-looking information and forward-looking statements as defined in applicable securities laws (collectively referred to as forward-looking statements). These statements relate to future events or our future performance. All statements other than statements of historical fact are forward-looking statements. The use of any of the words “anticipate”, “can”, “could”, “plan”, “continue”, “estimate”, “expect”, “may”, “will”, “would”, “project”, “predict”, “likely”, “potential”, “should”, “believe” and similar expressions is intended to identify forward-looking statements. These statements involve known and unknown risks, uncertainties and other factors that may cause actual results or events to differ materially from those anticipated in such forward-looking statements. These statements speak only as of the date of this news release.
These forward-looking statements include, but are not limited to, statements concerning: all guidance appearing in this document, including, but not limited to, the production, sales, costs, unit costs, capital expenditures, transportation costs, cost reduction and other guidance under the heading “Guidance” and elsewhere in this news release.
These statements are based on a number of assumptions, including, but not limited to, assumptions regarding general business and economic conditions, interest rates and commodity and power prices; acts of foreign or domestic governments and the outcome of legal proceedings; our ability to operate our operations in accordance with our expectations; our ability to advance QB tailings management facilities development initiatives as expected and the timing, occurrence and length of any potential maintenance downtime; expectations with respect to the repair and restart of the ship loader at QB and with respect to continued availability of alternative port arrangements; the possibility that our business may not perform as expected or in a manner consistent with historical performance; the supply and demand for, deliveries of, and the level and volatility of prices of copper and zinc and our other metals and minerals, as well as steel, crude oil, natural gas and other petroleum products; our costs of production and our production and productivity levels; our ability to procure equipment and development and operating supplies in sufficient quantities and on a timely basis; the availability of qualified employees and contractors for our operations; engineering and construction timetables and capital costs for our initiatives; the accuracy of our mineral reserve and resource estimates (including with respect to size, grade and recoverability) and the geological, operational and price assumptions on which these are based; the outcome of the planning, forecasting and reconciliation processes underway; and that operating, development, and capital plans will not be disrupted by issues such as mechanical failure, unavailability of parts and supplies, labour disturbances, interruption in transportation or utilities, or adverse weather conditions. The foregoing list of assumptions is not exhaustive. Events or circumstances could cause actual results to vary materially.
Factors that may cause actual results to vary materially including, but not limited to, risks related to the operation of QB and our other operations in accordance with our expectations; risks related to our ability to advance QB tailings management facility development initiatives as expected and the timing, occurrence and length of any potential maintenance downtime; changes in commodity and power prices; changes in market demand for our products; changes in interest and currency exchange rates; unanticipated operational difficulties (including failure of plant, equipment or processes to operate in accordance with specifications or expectations, cost escalation, unavailability of labour, materials and equipment); unplanned or extended operational shutdowns; risks related to the repair and restart of the ship loader at QB and with respect to continued availability of alternative port arrangements; risks related to business performance as expected or in a manner consistent with historical performance; the accuracy of geological and metallurgical assumptions (including with respect to the size, grade and recoverability of mineral reserves and resources); the actual grades of materials; adverse weather conditions; acts of foreign and domestic governments and the outcome of legal proceedings; risks related to general business, economic and market conditions; and unanticipated events related to health, safety and environmental matters.
We assume no obligation to update forward-looking statements except as required under securities laws. Further information concerning risks, assumptions and uncertainties associated with these forward-looking statements and our business can be found in our Annual Information Form for the year ended December 31, 2024, filed under our profile on SEDAR+ (
www.sedarplus.ca
) and on EDGAR (
www.sec.gov
) under cover of Form 40-F, as well as subsequent filings that can also be found under our profile.
About Teck
Teck is a leading Canadian resource company focused on responsibly providing metals essential to economic development and the energy transition. Teck has a portfolio of world-class copper and zinc operations across North and South America and an industry-leading copper growth pipeline. We are focused on creating value by advancing responsible growth and ensuring resilience built on a foundation of stakeholder trust. Headquartered in Vancouver, Canada, Teck’s shares are listed on the Toronto Stock Exchange under the symbols TECK.A and TECK.B and the New York Stock Exchange under the symbol TECK. Learn more about Teck at
www.teck.com
or follow
@TeckResources
.
Investor Contact:
Emma Chapman
Vice President, Investor Relations
+44.207.509.6576
emma.chapman@teck.com
Media Contact:
Dale Steeves
Director, External Communications
236.987.7405
dale.steeves@teck.com
© 2026 Canjex Publishing Ltd. All rights reserved.","C:\Users\Admin\Mineral Media\Mineral Media Shared Library - Documents\13 - DS AI\2. SEDAR+\3. Company Onboarding\Results\TECK.B\news_html\2026-01-20.html","https://pub-e6549556cd074443b759440dcb9b174f.r2.dev/onboarding/TECK.B/news_html/2026-01-20.html","","NONE","2025 production and sales update","","","2025-11-30","2026-02-19"
"stockwatch","TECK.B","Teck Resources Limited","2025-12-15","NEWS_RELEASE_EN","metals and minerals - mining","NewsRelease","Teck and Anglo American receive Government of Canada approval for merger of equals under Investment Canada Act","https://www.stockwatch.com/News/Item/Z-C!TECK-3765865/C/TECK","3765865","https://www.stockwatch.com/News/Sedardoc/6085738.pdf","","0","0","no","","2025-12-15 20:54 ET - News Release
VANCOUVER, British Columbia, Dec.  15, 2025  (GLOBE NEWSWIRE) -- Teck Resources Limited (TSX: TECK.A and TECK.B, NYSE: TECK) (“Teck”) and Anglo American plc (“Anglo American”) have received regulatory approval from the Government of Canada under the Investment Canada Act (“ICA”) for the merger of equals between Anglo American and Teck which was announced on September 9, 2025. Anglo American and Teck believe that the formation of Anglo Teck in a merger of equals will provide exceptional and enduring benefits for Canada, founded upon establishing a global critical minerals champion headquartered in Canada.
Anglo American and Teck set out a number of proposed commitments in their September transaction announcements which have been further defined into a set of binding commitments under the ICA. The commitments include that Anglo Teck will spend at least C$4.5 billion in Canada within 5 years, including in connection with the Highland Valley Copper mine life extension, enhancing critical minerals processing capacity at Trail, and advancing the development of the Galore Creek and Schaft Creek copper projects in northwestern British Columbia. Such expenditures will enable Anglo Teck to spend a total of at least C$10 billion in Canada over 15 years. A summary of the agreed commitments is set out in Appendix 1.
Jonathan Price, President and CEO of Teck, said: “The Government of Canada’s approval is an important step forward in the formation of Anglo Teck—a new global critical minerals champion headquartered in Canada. This merger will combine two world-class companies to form a business of significant scale and capability that will deliver billions in investment and drive new economic activity and job creation here in Canada and beyond.
“Canada and British Columbia are recognised worldwide as strong mining jurisdictions with critical minerals strategies focused on creating a positive environment to attract new investment and growth in responsible mining. Establishing Anglo Teck here in Vancouver is wholly aligned with government’s economic focus and will help to further elevate Canada’s role and impact on the global critical minerals stage, creating benefits for communities, Indigenous Peoples, employees and all stakeholders.”
Duncan Wanblad, CEO of Anglo American, said: “We are delighted to receive regulatory approval from the Government of Canada for our merger of equals with Teck. Today’s confirmation by Minister of Industry, the Honourable Mélanie Joly, marks yet another step towards forming a major global critical minerals powerhouse, following the overwhelming endorsement of both our and Teck’s shareholders last week. Anglo Teck represents a significant investment in Canada, its people and its natural resources, underpinned by a comprehensive package of commitments designed to drive enduring economic and wider benefits associated with a thriving mining ecosystem in British Columbia and Canada as a whole.
“We are all committed to preserving and building on the proud heritage of both companies, in Canada, as home to Anglo Teck’s global headquarters, in South Africa where our commitment to investment and national priorities endures, and across our entire global operational and commercial footprint. We look forward to continuing our commitment to engage meaningfully with all stakeholders including Indigenous Peoples and communities as Anglo Teck. Together, Anglo Teck will be at the forefront of our industry in terms of value accretive growth in responsibly produced critical minerals.”
The merger of Anglo American and Teck was approved by each company’s shareholders at meetings held on December 9, 2025. Completion of the merger remains subject to conditions customary for a transaction of this nature, including the relevant regulatory approvals in various jurisdictions globally. The merger has already received competition approvals in Canada and Australia, and other reviews are progressing.
At completion, Anglo Teck will have its headquarters in Vancouver, and will have its primary listing on the LSE, retaining FTSE UK index inclusion, as well as listings on the JSE, TSX and NYSE.
1
Further details regarding the Merger are set out in Teck’s management information circular dated November 3, 2025 (the “Circular”), which is available under Teck’s profile on SEDAR+ (
www.sedarplus.ca
) and on EDGAR (
www.sec.gov
).
_____________________________
1
Listings are subject to the approval or clearance from each applicable exchange. NYSE listing to be implemented as a listing of American Depositary Receipts.
Appendix 1: Investment Canada Act commitments
Anglo American and Teck have agreed to binding commitments with the Government of Canada under the ICA, as summarized below.
Commitments a. to f. will remain in place in perpetuity:
a. The name of the combined global business will be Anglo Teck.
b. Anglo Teck’s global headquarters will be in Canada.
c. A significant majority of Anglo Teck’s senior management will be based in Canada, including the CEO, Deputy CEO, and CFO as executive directors who will have their principal office and reside primarily in Canada.
d. A substantial proportion of Anglo Teck plc’s board of directors will be Canadian, comprising Anglo Teck executive directors residing primarily in Canada referred to above, and Canadians.
e. Anglo Teck will further the leading environmental and social practices of both Teck and Anglo American in Canada and promote within its organizational culture a recognition of the importance of respecting indigenous and community rights. Specifically, Anglo Teck will honour all existing agreements in Canada with communities, Indigenous governments and labour unions, in accordance with their terms.
f. Anglo Teck will have a listing on the TSX, subject to approval of the TSX, and will seek TSX index inclusion.
Investing in Canada
The following commitments (g. to q.) are time-limited in duration:
g. Anglo Teck will spend at least C$4.5 billion in Canada within 5 years, including in connection with the initiatives described below. Such expenditures will enable Anglo Teck to spend a total of at least C$10 billion in Canada over 15 years.
h. Anglo Teck will proceed with the Highland Valley Copper Mine Life Extension (“HVC MLE”) Project, requiring expected capital investment of approximately C$2.1 to C$2.4 billion over the term of the HVC MLE.
i. Anglo Teck will make capital investments of up to C$850 million to sustain and enhance critical minerals processing capacity at Teck’s Trail Operations, including the potential expansion of production of germanium and other strategic metals, in part subject to proceeding with the Red Dog Mine life extension project. These investments will contribute to enhancing critical minerals supply.
j. Anglo Teck will advance the development of the Galore Creek and Schaft Creek copper projects in northwestern British Columbia, including capital expenditures of up to C$750 million.
k. Anglo Teck will cause expenditures to be made of at least C$300 million in Canadian critical mineral exploration and technology, including expanding support to Canadian junior mining companies through partnerships across Anglo Teck’s global operating footprint, particularly in South Africa and Southern Africa.
l. Anglo Teck will cause expenditures of at least C$100 million to be made in Canada, including to establish and fund a Global Institute for Critical Minerals Research and Innovation– hosted and involving leading institutions in Canada, South Africa and the UK – and invest in mining-related skills training by leveraging partnerships with Indigenous skills training programmes and Canadian post-secondary institutions.
m. Anglo Teck will maintain and enhance existing commitments to Indigenous governments, communities, conservation, and other similar initiatives, including by contributing at least C$200 million to such initiatives.
n. Anglo Teck will maintain 100% of the aggregate employment levels at Teck’s Canadian operations and increase the level of youth employment and training opportunities.
o. Anglo Teck will provide Canadian and Indigenous suppliers with fair and equal opportunity to compete for contracts to supply goods and services to Anglo Teck’s Canadian and global operations.
p. Anglo Teck will explore opportunities to add copper production capacity at Trail Operations and complete a study assessing the viability of constructing a new copper smelter in British Columbia.
q. Anglo Teck will continue and maintain Teck’s remediation and reclamation activities at Teck controlled sites.
Appendix 2: Commitments to South Africa
The merger to form Anglo Teck is designed to build a stronger, larger global critical minerals company that is positioned to invest and grow across the merged company’s global operational and project footprint, including in South Africa. Anglo American has a long and proud history of contributing to the economic growth of South Africa and supporting the country’s national priorities. Anglo American continues to reaffirm its enduring commitment to South Africa, including in relation to meaningful representation from South Africa on the board and executive team, and the investments it is making in its operations and the social fabric of local communities. Following the merger, Anglo Teck will continue to uphold and advance these commitments. Its subsidiaries with operations in South Africa will continue to comply with all relevant empowerment and mining licences requirements.
Furthermore, Anglo Teck will continue to support and partner with the Canadian junior mining sector, an important part of Canada’s mining ecosystem, including through a combination of equity participation, strategic partnerships and the provision of technical, commercial and operational guidance, to invest in mineral exploration projects in Canada and across Anglo Teck’s global operating footprint, with a specific commitment to supporting partnerships in South Africa and southern Africa. As part of the effort to support the junior mining sector, Anglo Teck also plans to make a financial contribution of ZAR600 million to South Africa’s Junior Mining Exploration Fund in partnership with the Industrial Development Corporation of South Africa and the South African Department of Mineral and Petroleum Resources, which seeks to assist qualifying junior miners to conduct prospecting work.
Anglo Teck has also undertaken to support the establishment of, and provide funding to, a Global Institute for Critical Minerals Research and Innovation, hosted and involving leading institutions in Canada, South Africa and the UK.
Forward Looking Statements
This news release contains certain forward-looking information and forward-looking statements as defined in applicable securities laws (collectively referred to as forward-looking statements). These statements relate to future events or future performance. All statements other than statements of historical fact are forward-looking statements. The use of any of the words “anticipate”, “can”, “could”, “establish”, “plan”, “continue”, “commit”, “estimate”, “expect”, “may”, “will”, “would”, “project”, “provide”, “predict”, “likely”, “potential”, “should”, “believe” and similar expressions is intended to identify forward-looking statements. These statements involve known and unknown risks, uncertainties and other factors that may cause actual results or events to differ materially from those anticipated in such forward-looking statements. These statements speak only as of the date of this news release. These forward-looking statements include, but are not limited to, statements concerning the expected timing of completion of the Merger, and other statements that are not historical facts.
These statements are based on a number of assumptions, including, but not limited to, assumptions regarding general business and economic conditions, future outlook and anticipated events, such as the ability and timing of Anglo American and Teck to complete the Merger, the ability of Teck and Anglo American to obtain all required regulatory approvals, the ability of Teck and Anglo American to satisfy all other closing conditions to the Merger, the strategic vision of the merger between Teck and Anglo American following the closing of the Merger, integration of Anglo American and Teck following the closing of the Merger, the ability for Anglo Teck to provide exceptional and enduring benefits for Canada, the ability for Anglo Teck to meet all of its binding commitments under the ICA, the ability for Anglo Teck to spend C$4.5 billion in Canada within 5 years, the ability of Anglo Teck to enhance critical minerals processing at trail and to advance the development of the Galore Creek and Schaft Creek copper projects, the ability for Anglo Teck to spend at least C$10 billion in Canada over the next 5 years, expectations regarding Anglo Teck’s reputation and market perception, expectations regarding Anglo Teck’s objective alignment with the Canadian government, expectations regarding Anglo Teck’s head office located in Vancouver, British Columbia, Canada, expectations regarding Anglo Teck’s commitment to significantly invest in Canada and its natural resources, expectations with respect to Teck’s current stakeholders, Indigenous nations and local communities, and Anglo Teck’s commitment to continue its social and environmental practices and engagement, expectations regarding Anglo Teck’s environmental practices, expectations regarding board and senior management positions and residence, the continued construction of the HVC MLE and the future Red Dog mine life extension project, ability of Anglo Teck to maintain all existing agreements in Canada with communities, Indigenous nations and labour unions, ability for Anglo Teck to have its primary listing on the LSE, the ability for Anglo Teck’s shares to be listed on the JSE, TSX and NYSE (subject to approval of the applicable securities exchange), ability for Anglo Teck to retain Anglo American’s FTSE UK index inclusion, ability for Anglo Teck’s potential future shares listed on the TSX to gain index inclusion, expectations with respect to other capital investments in Canada for future operations, exploration, technology, projects and operations, ability to establish and fund a Global Institute for Critical Minerals Research and Innovation in Canada, South Africa and the UK, establishing and maintaining junior mining partnerships across Anglo Teck, expectations regarding the ability of Anglo Teck to maintain 100% of the employment levels at Teck’s Canadian operations and to increase the level of youth employment and training opportunities, the ability for Anglo Teck to assess and construct a potential new copper smelter in British Columbia, our expectations that Anglo Teck will continue and maintain Teck’s remediation and reclamation activities at Teck controlled sites, continued commitment to South Africa, ability to continue to comply with all relevant empowerment and mining license requirements in South Africa, and Anglo Teck’s ability to financially contribute to South Africa’s Junior Mining Exploration Fund. The foregoing list of assumptions is not exhaustive. Events or circumstances could cause actual results to vary materially.
Forward-looking information is based on the information available at the time those statements are made and are of good faith belief of the officers and directors of Teck and Anglo American as of the time with respect to future events and are subject to risks and uncertainties that could cause actual results to differ materially from those expressed in the forward-looking information. Factors that may cause actual results to vary materially include, but are not limited to, the possibility that the Merger will not be completed on the terms and conditions, or on the timing, currently contemplated, and that it may not be completed at all, due to a failure to obtain or satisfy, in a timely manner or otherwise, required regulatory approvals and other conditions to the closing of the Merger or for other reasons, public perception of the Merger, market reaction to the Merger, the negative impact that the failure to complete the Merger for any reason could have on the business of Anglo American or Teck, the ability of Anglo American and Teck to successfully integrate and capture expected synergies, general economic and market conditions, including interest and foreign exchange rates, global financial markets, commodity pricing, available credit and cash, changes in government regulations, laws or in tax laws, industry competition, change in relationships with meaningful stakeholders, including Indigenous groups and local communities, employee commitment to Anglo Teck following the closing of the Merger, changes in environmental practices, seeking potential TSX listing and index inclusion, continuing support of the Canadian government, continued support of shareholders, meaningful stakeholders, Indigenous groups and local communities, Anglo Teck’s financial condition following the closing of the Merger, tariffs and international trade restrictions, litigation matters , land title disputes or other related matters, technological developments and other factors described or discussed in Anglo American’s or Teck’s disclosure materials filed with applicable securities regulatory authorities from time to time.
Teck assumes no obligation to update forward-looking statements except as required under securities laws. Further information concerning risks, assumptions and uncertainties associated with these forward-looking statements, the Merger and Teck’s business can be found in the Circular in respect of the Merger filed under Teck’s profile on SEDAR+ (
www.sedarplus.ca
) and on EDGAR (
www.sec.gov
).
About Teck
Teck is a leading Canadian resource company focused on responsibly providing metals essential to economic development and the energy transition. Teck has a portfolio of world-class copper and zinc operations across North and South America and an industry-leading copper growth pipeline. We are focused on creating value by advancing responsible growth and ensuring resilience built on a foundation of stakeholder trust. Headquartered in Vancouver, Canada, Teck’s shares are listed on the Toronto Stock Exchange under the symbols TECK.A and TECK.B and the New York Stock Exchange under the symbol TECK. Learn more about Teck at
www.teck.com
or follow
@TeckResources
.
Investor Contact:
Emma Chapman
Vice President, Investor Relations
+44.207.509.6576
emma.chapman@teck.com
Media Contact:
Dale Steeves
Director, External Communications
236.987.7405
dale.steeves@teck.com
© 2026 Canjex Publishing Ltd. All rights reserved.","C:\Users\Admin\Mineral Media\Mineral Media Shared Library - Documents\13 - DS AI\2. SEDAR+\3. Company Onboarding\Results\TECK.B\news_html\2025-12-15.html","https://pub-e6549556cd074443b759440dcb9b174f.r2.dev/onboarding/TECK.B/news_html/2025-12-15.html","","NONE","Merger approval between Teck and Anglo American","","","2025-11-30","2026-02-19"
"stockwatch","TECK.B","Teck Resources Limited","2025-12-12","NEWS_RELEASE_EN","metals and minerals - mining","NewsRelease","Teck's takeover by Anglo American gets B.C. court OK","https://www.stockwatch.com/News/Item/Z-C!TECK-3765256/C/TECK","3765256","https://www.stockwatch.com/News/Sedardoc/6084333.pdf","","0","0","no","","2025-12-12 17:50 ET - News Release
Ms. Emma Chapman reports
TECK OBTAINS FINAL COURT APPROVAL FOR MERGER OF EQUALS WITH ANGLO AMERICAN
Teck Resources Ltd. has obtained a final order from the Supreme Court of British Columbia approving the previously announced plan of arrangement under Section 192 of the Canada Business Corporations Act, involving, among other things, the merger of equals of Anglo American PLC and Teck.
The merger remains subject to the satisfaction or waiver of certain other closing conditions customary in a transaction of this nature, including receipt of applicable competition and regulatory approvals in various jurisdictions globally.
Further details regarding the merger are set out in Teck's management information circular dated Nov. 3, 2025, which is available under Teck's profile on SEDAR+ and on EDGAR.
About Teck Resources Ltd.
Teck is a leading Canadian resource company focused on responsibly providing metals essential to economic development and the energy transition.
We seek Safe Harbor.
© 2026 Canjex Publishing Ltd. All rights reserved.","C:\Users\Admin\Mineral Media\Mineral Media Shared Library - Documents\13 - DS AI\2. SEDAR+\3. Company Onboarding\Results\TECK.B\news_html\2025-12-12.html","https://pub-e6549556cd074443b759440dcb9b174f.r2.dev/onboarding/TECK.B/news_html/2025-12-12.html","","NONE","Merger approval with Anglo American","","","2025-11-30","2026-02-19"
"stockwatch","TECK.B","Teck Resources Limited","2025-12-09","NEWS_RELEASE_EN","metals and minerals - mining","NewsRelease","Teck Resources receives shareholder OK for Anglo deal","https://www.stockwatch.com/News/Item/Z-C!TECK-3764016/C/TECK","3764016","https://www.stockwatch.com/News/Sedardoc/6081281.pdf","","0","0","no","","2025-12-09 20:54 ET - News Release
Mr. Jonathan Price reports
TECK REPORTS VOTING RESULTS FROM SPECIAL MEETING OF SHAREHOLDERS
Teck Resources Ltd. has released the voting results from its special meeting of shareholders held on Tuesday, Dec. 9, 2025. Teck shareholders overwhelmingly voted to approve the special resolution approving the plan of arrangement under the Canadian Business Corporations Act, involving, among other things, the merger of equals of Anglo American PLC and Teck. Ninety-nine point seven per cent of the votes cast by Class A common shareholders at the meeting were in favour of the arrangement resolution, and 89.7 per cent of votes cast by Class B subordinate voting shareholders were in favour of the arrangement resolution.
""This resoundingly positive vote marks an important milestone in creating Anglo Teck -- a global leader in critical minerals headquartered in Canada,"" said Jonathan Price, president and chief executive officer, Teck. ""Anglo Teck will be positioned to deliver long-term value through a world-class copper growth portfolio, operational and functional synergies, and a stronger platform to meet growing demand for critical minerals essential to global economic growth and the energy transition. We look forward to advancing the necessary regulatory approvals and completing the merger for the benefit of our shareholders, employees, communities and partners.""
The arrangement resolution required the approval of at least: (a) two-thirds of the votes cast by Class A common shareholders present or represented by proxy at the meeting, voting separately as a class; and (b) two-thirds of the votes cast by Class B subordinate voting shareholders present or represented by proxy at the meeting, voting separately as a class. A total of 6,329,767 Class A common shares, representing 83.3 per cent of the votes attached to all outstanding Class A common shares, and 380,842,347 Class B subordinate voting shares, representing 79.4 per cent of the votes attached to all outstanding shares, were voted at the meeting. Detailed voting results for the meeting will be available under Teck's profiles on SEDAR+ and EDGAR.
As announced earlier today by Anglo American, at the general meeting of Anglo American held earlier on Dec. 9, 2025, shareholders of Anglo American overwhelmingly approved: (i) the allotment and issue of new ordinary shares of Anglo American to Teck shareholders in connection with the merger; and (ii) the change of the name of Anglo American to Anglo Teck PLC with effect from the completion of the merger.
The merger remains subject to customary closing conditions, including approval under the Investment Canada Act and applicable competition and regulatory approvals in various jurisdictions globally and final approval by the Supreme Court of British Columbia. Further information about the merger can be found in Teck's management information circular dated Nov. 3, 2025, for the meeting, which is available under Teck's profile on SEDAR+ and on EDGAR. As disclosed in the circular, prior to the deadline for eligible Canadian Teck shareholders to make an election to receive the exchangeable share consideration under the merger, Teck will provide to registered Teck shareholders a letter of transmittal and election form. The letter of transmittal and election form will explain how to exchange Teck shares for the consideration under the merger and, for eligible Canadian Teck shareholders, how to elect to receive the exchangeable share consideration under the merger. Teck will issue a news release announcing once the letter of transmittal and election form have been made available and providing details on the relevant exchange and election procedures.
About Teck Resources Ltd.
Teck is a leading Canadian resource company focused on responsibly providing metals essential to economic development and the energy transition. Teck has a portfolio of world-class copper and zinc operations across North and South America and an industry-leading copper growth pipeline. It is focused on creating value by advancing responsible growth and ensuring resilience built on a foundation of stakeholder trust. Headquartered in Vancouver, Canada, Teck has shares listed on the Toronto Stock Exchange under the symbols TECK.A and TECK.B and on the New York Stock Exchange under the symbol TECK.
We seek Safe Harbor.
© 2026 Canjex Publishing Ltd. All rights reserved.","C:\Users\Admin\Mineral Media\Mineral Media Shared Library - Documents\13 - DS AI\2. SEDAR+\3. Company Onboarding\Results\TECK.B\news_html\2025-12-09.html","https://pub-e6549556cd074443b759440dcb9b174f.r2.dev/onboarding/TECK.B/news_html/2025-12-09.html","","NONE","Shareholder approval for Anglo merger","","","2025-11-30","2026-02-19"
